[{"folder":{"id":"927c906c-cbc2-4c56-9701-712097a90a48"},"id":"2eb387f7-cf98-4311-bd29-872104790d16","file_name":"eq.png","title":null,"size":2014,"type":"image/png","url":"https://assets-us-01.kc-usercontent.com/79ea36c6-e9aa-0000-8ead-3ec7363e98d6/511d5a65-b158-459a-b713-90b4d5c890d1/eq.png","image_width":64,"image_height":64,"file_reference":{"id":"511d5a65-b158-459a-b713-90b4d5c890d1","type":"internal"},"descriptions":[{"language":{"id":"00000000-0000-0000-0000-000000000000"},"description":null}],"last_modified":"2020-05-26T18:33:09.2274543Z"},{"folder":{"id":"927c906c-cbc2-4c56-9701-712097a90a48"},"id":"318b9681-d13c-48bc-af6b-a254ab0050a7","file_name":"nc.png","title":null,"size":2575,"type":"image/png","url":"https://assets-us-01.kc-usercontent.com/79ea36c6-e9aa-0000-8ead-3ec7363e98d6/8941e954-278d-48ae-8027-0d8785773d42/nc.png","image_width":64,"image_height":64,"file_reference":{"id":"8941e954-278d-48ae-8027-0d8785773d42","type":"internal"},"descriptions":[{"language":{"id":"00000000-0000-0000-0000-000000000000"},"description":null}],"last_modified":"2020-05-26T18:33:09.2743402Z"},{"id":"42171b8c-48d7-42d3-878e-946d95c1d6ea","file_name":"greatroom.jpg","title":null,"size":546713,"type":"image/jpeg","url":"https://assets-us-01.kc-usercontent.com/79ea36c6-e9aa-0000-8ead-3ec7363e98d6/816307f6-fdd9-4591-8d80-ffdde46e62b2/greatroom.jpg","image_width":2048,"image_height":1024,"file_reference":{"id":"816307f6-fdd9-4591-8d80-ffdde46e62b2","type":"internal"},"descriptions":[{"language":{"id":"00000000-0000-0000-0000-000000000000"},"description":null}],"last_modified":"2020-05-26T18:46:34.5762088Z"},{"id":"65fee7a4-d3ff-421f-b848-3d20dd87d965","file_name":"kitchen.jpg","title":null,"size":561732,"type":"image/jpeg","url":"https://assets-us-01.kc-usercontent.com/79ea36c6-e9aa-0000-8ead-3ec7363e98d6/01b405ef-d4c8-4438-8c11-210859f8dde6/kitchen.jpg","image_width":2048,"image_height":1024,"file_reference":{"id":"01b405ef-d4c8-4438-8c11-210859f8dde6","type":"internal"},"descriptions":[{"language":{"id":"00000000-0000-0000-0000-000000000000"},"description":null}],"last_modified":"2020-05-27T13:39:33.1120457Z"},{"folder":{"id":"927c906c-cbc2-4c56-9701-712097a90a48"},"id":"932c6b80-cbc4-4e88-bc56-391402926b47","file_name":"cc.png","title":null,"size":2645,"type":"image/png","url":"https://assets-us-01.kc-usercontent.com/79ea36c6-e9aa-0000-8ead-3ec7363e98d6/c63ffa96-ddee-436b-bcd8-ebde77a57d2a/cc.png","image_width":64,"image_height":64,"file_reference":{"id":"c63ffa96-ddee-436b-bcd8-ebde77a57d2a","type":"internal"},"descriptions":[{"language":{"id":"00000000-0000-0000-0000-000000000000"},"description":null}],"last_modified":"2020-05-26T18:32:50.0219054Z"},{"id":"d53220db-0f72-4dca-a42f-5e461a42b14b","file_name":"entrance.jpg","title":null,"size":838172,"type":"image/jpeg","url":"https://assets-us-01.kc-usercontent.com/79ea36c6-e9aa-0000-8ead-3ec7363e98d6/10320f1b-7776-4dcb-ad1d-ddd65221c985/entrance.jpg","image_width":2048,"image_height":1024,"file_reference":{"id":"10320f1b-7776-4dcb-ad1d-ddd65221c985","type":"internal"},"descriptions":[{"language":{"id":"00000000-0000-0000-0000-000000000000"},"description":null}],"last_modified":"2020-05-27T13:20:07.4110704Z"},{"folder":{"id":"927c906c-cbc2-4c56-9701-712097a90a48"},"id":"ddbc0c6e-611b-486f-b13f-8e4d71a3567f","file_name":"person.png","title":null,"size":2181,"type":"image/png","url":"https://assets-us-01.kc-usercontent.com/79ea36c6-e9aa-0000-8ead-3ec7363e98d6/89b8e1cb-1005-4c47-a1f2-4b61fa4d6b98/person.png","image_width":64,"image_height":64,"file_reference":{"id":"89b8e1cb-1005-4c47-a1f2-4b61fa4d6b98","type":"internal"},"descriptions":[{"language":{"id":"00000000-0000-0000-0000-000000000000"},"description":null}],"last_modified":"2020-05-26T18:33:09.3212102Z"},{"id":"de5a7f2e-c38e-4319-b2da-22289b9f80db","file_name":"diningroom.jpg","title":null,"size":529945,"type":"image/jpeg","url":"https://assets-us-01.kc-usercontent.com/79ea36c6-e9aa-0000-8ead-3ec7363e98d6/04decae6-d998-42d0-bf24-cdb17d7998ef/diningroom.jpg","image_width":2048,"image_height":1024,"file_reference":{"id":"04decae6-d998-42d0-bf24-cdb17d7998ef","type":"internal"},"descriptions":[{"language":{"id":"00000000-0000-0000-0000-000000000000"},"description":null}],"last_modified":"2020-05-26T18:07:15.5866265Z"}]