[{"id":"3f506131-27e3-4cd7-b08b-0202e3a9a926","name":"637 Big Road Bedford","codename":"bedford","type":{"id":"ae3309a9-5790-4738-bff6-074856f45411"},"sitemap_locations":[],"last_modified":"2020-05-26T18:17:08.4184013Z"},{"id":"c1c268d7-9612-4f69-a72b-a676fd334111","name":"Dining room","codename":"dining_room","type":{"id":"4145f70e-e0db-4798-b5f3-783caf45f4b5"},"sitemap_locations":[],"last_modified":"2020-05-26T18:08:53.7508929Z"},{"id":"0875b2cb-68f6-472a-9ba4-8f6688e35431","name":"Doors","codename":"doors","type":{"id":"26ec4913-8fb4-49a7-9e44-0d06ecc97e80"},"sitemap_locations":[],"last_modified":"2020-05-26T18:11:18.4180036Z"},{"id":"22b98e03-3f3e-4b62-9799-280b9bca7a5d","name":"Chandelier","codename":"chandelier","type":{"id":"26ec4913-8fb4-49a7-9e44-0d06ecc97e80"},"sitemap_locations":[],"last_modified":"2020-05-26T18:24:23.7979473Z"},{"id":"8b08c45c-957f-49c0-a66a-d15a8f91da72","name":"Fireplace","codename":"fireplace","type":{"id":"26ec4913-8fb4-49a7-9e44-0d06ecc97e80"},"sitemap_locations":[],"last_modified":"2020-05-26T18:26:16.3747526Z"},{"id":"eb27fd5a-f6b1-4b99-8ca0-66d17d317af3","name":"Great room","codename":"great_room","type":{"id":"4145f70e-e0db-4798-b5f3-783caf45f4b5"},"sitemap_locations":[],"last_modified":"2020-05-26T19:14:52.2990604Z"},{"id":"ea29685e-5521-4bf0-8584-c0368fbfe0ea","name":"Cowboy","codename":"cowboy","type":{"id":"26ec4913-8fb4-49a7-9e44-0d06ecc97e80"},"sitemap_locations":[],"last_modified":"2020-05-26T19:11:50.814107Z"},{"id":"31b5fe51-556c-412a-a4b6-b053cd66e02f","name":"Rugs","codename":"rugs","type":{"id":"26ec4913-8fb4-49a7-9e44-0d06ecc97e80"},"sitemap_locations":[],"last_modified":"2020-05-26T19:12:57.2034492Z"},{"id":"2d75eb58-7c08-4a41-b131-eb840e4163b5","name":"Fireplace","codename":"fireplace_2d75eb5","type":{"id":"26ec4913-8fb4-49a7-9e44-0d06ecc97e80"},"sitemap_locations":[],"last_modified":"2020-05-26T19:14:08.0505317Z"},{"id":"9e969614-2c41-4ec2-9438-830c7924e8de","name":"12 Rocky Road Coyote Springs","codename":"coyote_springs","type":{"id":"ae3309a9-5790-4738-bff6-074856f45411"},"sitemap_locations":[],"last_modified":"2020-05-27T13:22:44.3337153Z"},{"id":"b3488799-233b-4976-a29d-af5e9288631a","name":"Entrance","codename":"entrance","type":{"id":"4145f70e-e0db-4798-b5f3-783caf45f4b5"},"sitemap_locations":[],"last_modified":"2020-05-27T13:20:28.9161669Z"},{"id":"94d13b04-3575-41e6-8f55-0724d70d7a0d","name":"Driveway","codename":"driveway","type":{"id":"26ec4913-8fb4-49a7-9e44-0d06ecc97e80"},"sitemap_locations":[],"last_modified":"2020-05-27T13:29:13.8878892Z"},{"id":"1fe8e90a-38bb-4aac-8810-8b9de0c7efa6","name":"Door","codename":"door","type":{"id":"26ec4913-8fb4-49a7-9e44-0d06ecc97e80"},"sitemap_locations":[],"last_modified":"2020-05-27T13:31:28.6472295Z"},{"id":"4f28863c-e8c8-49f4-aa14-eed8d2a94f46","name":"Kitchen","codename":"kitchen","type":{"id":"4145f70e-e0db-4798-b5f3-783caf45f4b5"},"sitemap_locations":[],"last_modified":"2020-05-27T13:39:25.1351484Z"},{"id":"820daa33-3dc1-44c1-b7a0-0770a0dd332d","name":"Pool","codename":"pool","type":{"id":"26ec4913-8fb4-49a7-9e44-0d06ecc97e80"},"sitemap_locations":[],"last_modified":"2020-05-27T13:42:18.370876Z"},{"id":"57f2165f-aeeb-474d-9eed-aca07d9cfa2c","name":"Island","codename":"island","type":{"id":"26ec4913-8fb4-49a7-9e44-0d06ecc97e80"},"sitemap_locations":[],"last_modified":"2020-05-27T13:43:45.1234353Z"}]