[{"id":"09d6ec56-cf7c-454c-8ced-83dd503c4dbe","codename":"infopoint__copy_","last_modified":"2020-06-08T14:12:18.1744627Z","name":"Transition","content_groups":[],"elements":[{"maximum_text_length":null,"maximum_image_size":null,"allowed_content_types":[],"image_width_limit":null,"image_height_limit":null,"allowed_image_types":"any","allowed_blocks":["text","images"],"allowed_formatting":[],"allowed_text_blocks":[],"allowed_table_blocks":[],"allowed_table_formatting":[],"allowed_table_text_blocks":[],"name":"Description","guidelines":"This text will appear in the popup for the Infopoint- keep it short!","is_required":false,"type":"rich_text","id":"d78b5648-e12c-469c-a1e0-d3ca9a5a1b7f","codename":"description"},{"item_count_limit":{"value":1,"condition":"exactly"},"allowed_content_types":[{"id":"4145f70e-e0db-4798-b5f3-783caf45f4b5"}],"name":"Leads to","guidelines":"Link the Tour item that this Transition will bring you to.","is_required":true,"type":"modular_content","id":"0961d9ec-e068-41d5-81d5-975405ab938f","codename":"leads_to"},{"guidelines":"<h2>Coordinates</h2>\n<p>To find coordinates, load the related tour on the website and hold CTRL and view coordinates in browser console. They will be in the format x, y, z.</p>","type":"guidelines","id":"5bd01f92-ced9-43d5-b4d7-d9e084429acc","codename":"a4c55ddf_24e3_4d71_a319_7c07ade25635"},{"name":"X Position","guidelines":null,"is_required":false,"type":"number","id":"06f34bcf-bfea-45d2-9ea4-64d8aa42673d","codename":"x_position"},{"name":"Y Position","guidelines":null,"is_required":false,"type":"number","id":"45b13d12-2f2a-4f4c-891e-88bb76e28bd1","codename":"y_position"},{"name":"Z Position","guidelines":null,"is_required":false,"type":"number","id":"31299855-8062-4f5a-a14d-8bc7d6602303","codename":"z_position"}]},{"id":"4145f70e-e0db-4798-b5f3-783caf45f4b5","codename":"tour","last_modified":"2020-06-08T14:11:32.2562404Z","name":"Tour","content_groups":[],"elements":[{"asset_count_limit":{"value":1,"condition":"exactly"},"maximum_file_size":null,"allowed_file_types":"any","image_width_limit":null,"image_height_limit":null,"name":"Panoramic image","guidelines":"Upload an equirectangular image to use as the VR background for this tour","is_required":true,"type":"asset","id":"f0343f84-61d9-4f10-82f4-850fe5ca72a1","codename":"panoramic_image"},{"maximum_text_length":null,"maximum_image_size":null,"allowed_content_types":[],"image_width_limit":null,"image_height_limit":null,"allowed_image_types":"any","allowed_blocks":[],"allowed_formatting":[],"allowed_text_blocks":[],"allowed_table_blocks":[],"allowed_table_formatting":[],"allowed_table_text_blocks":[],"name":"Credit","guidelines":"Add assets from the /icons asset folder to indicate the licensing for the Panoramic image, and add the name of the owner with a link to the license","is_required":false,"type":"rich_text","id":"522bc37e-a6ae-4f5c-8b66-4b79e91fc932","codename":"credit"},{"item_count_limit":null,"allowed_content_types":[{"id":"26ec4913-8fb4-49a7-9e44-0d06ecc97e80"},{"id":"09d6ec56-cf7c-454c-8ced-83dd503c4dbe"}],"name":"Infopoints","guidelines":"Optionally, add 3-dimensional Infopoints to the image which highlight features of the tour. Add a Transition to move between tours.","is_required":false,"type":"modular_content","id":"848d1fd9-4102-4ba0-8362-de0a81d4114a","codename":"infopoints"}]},{"id":"ae3309a9-5790-4738-bff6-074856f45411","codename":"property","last_modified":"2020-05-31T22:21:36.5849762Z","name":"Property","content_groups":[],"elements":[{"maximum_text_length":null,"name":"Title","guidelines":"The title should describe the general features of the house, e.g. the number of rooms and bathrooms","is_required":false,"type":"text","id":"737b2b4d-2356-4216-9181-14778b1a9709","codename":"title"},{"name":"Price","guidelines":null,"is_required":false,"type":"number","id":"bf77b8ee-839f-4aeb-bb53-0b6dcbe93bed","codename":"price"},{"maximum_text_length":null,"maximum_image_size":null,"allowed_content_types":[],"image_width_limit":null,"image_height_limit":null,"allowed_image_types":"any","allowed_blocks":[],"allowed_formatting":[],"allowed_text_blocks":[],"allowed_table_blocks":[],"allowed_table_formatting":[],"allowed_table_text_blocks":[],"name":"Description","guidelines":"This will appear under the thumbnail in the property listing","is_required":false,"type":"rich_text","id":"94f0fb0f-ae97-4bfd-8d71-924fa35a3f4c","codename":"description"},{"maximum_text_length":null,"name":"Street","guidelines":"e.g. 14 North St.","is_required":false,"type":"text","id":"7a5724ad-5e7d-4f32-ba08-bc1ecb645bd7","codename":"street"},{"maximum_text_length":null,"name":"City","guidelines":null,"is_required":false,"type":"text","id":"de63cf73-b928-4088-9d22-96b47eb25755","codename":"city"},{"maximum_text_length":null,"name":"State","guidelines":null,"is_required":false,"type":"text","id":"5298d926-a010-4ef1-996b-43996ae12162","codename":"state"},{"maximum_text_length":null,"name":"ZIP","guidelines":null,"is_required":false,"type":"text","id":"0afeb69f-69a8-42a8-83a7-dcc603f04379","codename":"zip"},{"asset_count_limit":null,"maximum_file_size":null,"allowed_file_types":"any","image_width_limit":null,"image_height_limit":null,"name":"Thumbnail","guidelines":"This will appear only in the property listing page","is_required":false,"type":"asset","id":"47566d5a-2ec6-4017-8a8d-1b7ae29c0750","codename":"thumbnail"},{"item_count_limit":null,"allowed_content_types":[{"id":"4145f70e-e0db-4798-b5f3-783caf45f4b5"}],"name":"Tours","guidelines":"Add Tour content items so that visitors can take a virtual tour of specific sections of the house","is_required":false,"type":"modular_content","id":"33a5ba36-b4e8-4446-859b-1d18e2b2baf4","codename":"tours"}]},{"id":"26ec4913-8fb4-49a7-9e44-0d06ecc97e80","codename":"infopoint","last_modified":"2020-05-31T22:18:28.9725648Z","name":"Infopoint","content_groups":[],"elements":[{"maximum_text_length":null,"maximum_image_size":null,"allowed_content_types":[],"image_width_limit":null,"image_height_limit":null,"allowed_image_types":"any","allowed_blocks":["text","images"],"allowed_formatting":[],"allowed_text_blocks":[],"allowed_table_blocks":[],"allowed_table_formatting":[],"allowed_table_text_blocks":[],"name":"Description","guidelines":"This text will appear in the popup for the Infopoint- keep it short!","is_required":false,"type":"rich_text","id":"d776b0c6-332b-4e2c-95ff-2d1af3cd208d","codename":"description"},{"guidelines":"<h2>Coordinates</h2>\n<p>To find coordinates, load the related tour on the website and hold CTRL and view coordinates in browser console. They will be in the format x, y, z.</p>","type":"guidelines","id":"a4c55ddf-24e3-4d71-a319-7c07ade25635","codename":"a4c55ddf_24e3_4d71_a319_7c07ade25635"},{"name":"X Position","guidelines":null,"is_required":false,"type":"number","id":"edd89ca3-5e7b-4227-9f27-f9e7afd60a09","codename":"x_position"},{"name":"Y Position","guidelines":null,"is_required":false,"type":"number","id":"8fa04b4f-030c-4313-a839-183dd9a09417","codename":"y_position"},{"name":"Z Position","guidelines":null,"is_required":false,"type":"number","id":"c3743f2d-3065-44a2-960a-1f5d598694e8","codename":"z_position"}]}]