[{"elements":[{"components":[],"element":{"id":"d78b5648-e12c-469c-a1e0-d3ca9a5a1b7f"},"value":"<p>Walk past this cowboy into the kitchen!</p>"},{"element":{"id":"0961d9ec-e068-41d5-81d5-975405ab938f"},"value":[{"id":"c1c268d7-9612-4f69-a72b-a676fd334111"}]},{"element":{"id":"06f34bcf-bfea-45d2-9ea4-64d8aa42673d"},"value":-4975},{"element":{"id":"45b13d12-2f2a-4f4c-891e-88bb76e28bd1"},"value":210},{"element":{"id":"31299855-8062-4f5a-a14d-8bc7d6602303"},"value":315}],"workflow_step":{"id":"c199950d-99f0-4983-b711-6c4c91624b22"},"item":{"id":"3dedcda5-fb9a-4b80-a13e-12061de48ddf"},"language":{"id":"00000000-0000-0000-0000-000000000000"},"last_modified":"2020-06-08T16:06:27.6326731Z"},{"elements":[{"element":{"id":"f0343f84-61d9-4f10-82f4-850fe5ca72a1"},"value":[{"id":"de5a7f2e-c38e-4319-b2da-22289b9f80db"}]},{"components":[],"element":{"id":"522bc37e-a6ae-4f5c-8b66-4b79e91fc932"},"value":"<figure data-asset-id=\"932c6b80-cbc4-4e88-bc56-391402926b47\"><img src=\"#\" data-asset-id=\"932c6b80-cbc4-4e88-bc56-391402926b47\"></figure>\n<p><a href=\"https://creativecommons.org/licenses/by/2.0/\" data-new-window=\"true\">Bob Dass</a></p>"},{"element":{"id":"848d1fd9-4102-4ba0-8362-de0a81d4114a"},"value":[{"id":"0875b2cb-68f6-472a-9ba4-8f6688e35431"},{"id":"22b98e03-3f3e-4b62-9799-280b9bca7a5d"},{"id":"8b08c45c-957f-49c0-a66a-d15a8f91da72"}]}],"workflow_step":{"id":"c199950d-99f0-4983-b711-6c4c91624b22"},"item":{"id":"c1c268d7-9612-4f69-a72b-a676fd334111"},"language":{"id":"00000000-0000-0000-0000-000000000000"},"last_modified":"2020-05-26T18:35:32.1384045Z"},{"elements":[{"element":{"id":"f0343f84-61d9-4f10-82f4-850fe5ca72a1"},"value":[{"id":"42171b8c-48d7-42d3-878e-946d95c1d6ea"}]},{"components":[],"element":{"id":"522bc37e-a6ae-4f5c-8b66-4b79e91fc932"},"value":"<figure data-asset-id=\"ddbc0c6e-611b-486f-b13f-8e4d71a3567f\"><img src=\"#\" data-asset-id=\"ddbc0c6e-611b-486f-b13f-8e4d71a3567f\"></figure>\n<figure data-asset-id=\"318b9681-d13c-48bc-af6b-a254ab0050a7\"><img src=\"#\" data-asset-id=\"318b9681-d13c-48bc-af6b-a254ab0050a7\"></figure>\n<figure data-asset-id=\"2eb387f7-cf98-4311-bd29-872104790d16\"><img src=\"#\" data-asset-id=\"2eb387f7-cf98-4311-bd29-872104790d16\"></figure>\n<p><a href=\"https://creativecommons.org/licenses/by-nc-nd/2.0/\" data-new-window=\"true\">GS-Bob</a></p>"},{"element":{"id":"848d1fd9-4102-4ba0-8362-de0a81d4114a"},"value":[{"id":"31b5fe51-556c-412a-a4b6-b053cd66e02f"},{"id":"2d75eb58-7c08-4a41-b131-eb840e4163b5"},{"id":"3dedcda5-fb9a-4b80-a13e-12061de48ddf"}]}],"workflow_step":{"id":"c199950d-99f0-4983-b711-6c4c91624b22"},"item":{"id":"eb27fd5a-f6b1-4b99-8ca0-66d17d317af3"},"language":{"id":"00000000-0000-0000-0000-000000000000"},"last_modified":"2020-06-08T14:21:41.5810855Z"},{"elements":[{"element":{"id":"f0343f84-61d9-4f10-82f4-850fe5ca72a1"},"value":[{"id":"d53220db-0f72-4dca-a42f-5e461a42b14b"}]},{"components":[],"element":{"id":"522bc37e-a6ae-4f5c-8b66-4b79e91fc932"},"value":"<figure data-asset-id=\"ddbc0c6e-611b-486f-b13f-8e4d71a3567f\"><img src=\"#\" data-asset-id=\"ddbc0c6e-611b-486f-b13f-8e4d71a3567f\"></figure>\n<p><a href=\"https://creativecommons.org/licenses/by/2.0/\" data-new-window=\"true\">Bob Dass</a></p>"},{"element":{"id":"848d1fd9-4102-4ba0-8362-de0a81d4114a"},"value":[{"id":"94d13b04-3575-41e6-8f55-0724d70d7a0d"},{"id":"1fe8e90a-38bb-4aac-8810-8b9de0c7efa6"}]}],"workflow_step":{"id":"c199950d-99f0-4983-b711-6c4c91624b22"},"item":{"id":"b3488799-233b-4976-a29d-af5e9288631a"},"language":{"id":"00000000-0000-0000-0000-000000000000"},"last_modified":"2020-05-27T13:31:00.4614188Z"},{"elements":[{"element":{"id":"f0343f84-61d9-4f10-82f4-850fe5ca72a1"},"value":[{"id":"65fee7a4-d3ff-421f-b848-3d20dd87d965"}]},{"components":[],"element":{"id":"522bc37e-a6ae-4f5c-8b66-4b79e91fc932"},"value":"<figure data-asset-id=\"ddbc0c6e-611b-486f-b13f-8e4d71a3567f\"><img src=\"#\" data-asset-id=\"ddbc0c6e-611b-486f-b13f-8e4d71a3567f\"></figure>\n<p><a href=\"https://creativecommons.org/licenses/by/2.0/\" data-new-window=\"true\">Bob Dass</a></p>"},{"element":{"id":"848d1fd9-4102-4ba0-8362-de0a81d4114a"},"value":[{"id":"820daa33-3dc1-44c1-b7a0-0770a0dd332d"},{"id":"57f2165f-aeeb-474d-9eed-aca07d9cfa2c"}]}],"workflow_step":{"id":"c199950d-99f0-4983-b711-6c4c91624b22"},"item":{"id":"4f28863c-e8c8-49f4-aa14-eed8d2a94f46"},"language":{"id":"00000000-0000-0000-0000-000000000000"},"last_modified":"2020-05-27T13:43:04.4893085Z"},{"elements":[{"element":{"id":"737b2b4d-2356-4216-9181-14778b1a9709"},"value":"3 bed 2 bath near golf course"},{"element":{"id":"bf77b8ee-839f-4aeb-bb53-0b6dcbe93bed"},"value":250000},{"components":[],"element":{"id":"94f0fb0f-ae97-4bfd-8d71-924fa35a3f4c"},"value":"<p>Gorgeous 3 bedroom, 2 full bathroom, 3-story home with mountain views in the highly desired community of Bedford! Enjoy new interior paint, vaulted ceilings, separate living room, dining room, and family room with stone fireplace. The open concept kitchen offers a breakfast bar, tile backsplash, specialty lighting, and is open to the spacious family room. The large master suite features ceiling fans, a walk-in closet, additional closet, separate retreat area, and dual sinks in the master bathroom. Additional property highlights include laminate wood flooring, separate laundry room, 3 car garage, large backyard with fruit trees and covered patio. HOA amenities include access to the Bedford Country Club which offers dining, pool, spa, tennis, exercise room, and walking trails. Convenient to shopping, dining, and easy access to major freeway!</p>"},{"element":{"id":"7a5724ad-5e7d-4f32-ba08-bc1ecb645bd7"},"value":"637 Big Road"},{"element":{"id":"de63cf73-b928-4088-9d22-96b47eb25755"},"value":"Bedford"},{"element":{"id":"5298d926-a010-4ef1-996b-43996ae12162"},"value":"NH"},{"element":{"id":"0afeb69f-69a8-42a8-83a7-dcc603f04379"},"value":"03110"},{"element":{"id":"47566d5a-2ec6-4017-8a8d-1b7ae29c0750"},"value":[{"id":"de5a7f2e-c38e-4319-b2da-22289b9f80db"}]},{"element":{"id":"33a5ba36-b4e8-4446-859b-1d18e2b2baf4"},"value":[{"id":"c1c268d7-9612-4f69-a72b-a676fd334111"},{"id":"eb27fd5a-f6b1-4b99-8ca0-66d17d317af3"}]}],"workflow_step":{"id":"c199950d-99f0-4983-b711-6c4c91624b22"},"item":{"id":"3f506131-27e3-4cd7-b08b-0202e3a9a926"},"language":{"id":"00000000-0000-0000-0000-000000000000"},"last_modified":"2020-05-26T18:50:06.7998309Z"},{"elements":[{"element":{"id":"737b2b4d-2356-4216-9181-14778b1a9709"},"value":"2 br 1 bath with a great view"},{"element":{"id":"bf77b8ee-839f-4aeb-bb53-0b6dcbe93bed"},"value":300000},{"components":[],"element":{"id":"94f0fb0f-ae97-4bfd-8d71-924fa35a3f4c"},"value":"<p>Amazing home ready for you to make yours. This 2 bedroom 1 bath features a nice size living room to spend quality time with the family. Some updates that have been done is the flooring, carpet and baseboards in 2016, there is also a newer HVAC unit. With the back yard nice and flat it perfect for your garden and still have room for the kids to run and play. From the deck you can see a portion of the Lake so image relaxing in the morning with your coffee or tea.</p>"},{"element":{"id":"7a5724ad-5e7d-4f32-ba08-bc1ecb645bd7"},"value":"12 Rocky Road"},{"element":{"id":"de63cf73-b928-4088-9d22-96b47eb25755"},"value":"Coyote Springs"},{"element":{"id":"5298d926-a010-4ef1-996b-43996ae12162"},"value":"NV"},{"element":{"id":"0afeb69f-69a8-42a8-83a7-dcc603f04379"},"value":"89025"},{"element":{"id":"47566d5a-2ec6-4017-8a8d-1b7ae29c0750"},"value":[{"id":"d53220db-0f72-4dca-a42f-5e461a42b14b"}]},{"element":{"id":"33a5ba36-b4e8-4446-859b-1d18e2b2baf4"},"value":[{"id":"b3488799-233b-4976-a29d-af5e9288631a"},{"id":"4f28863c-e8c8-49f4-aa14-eed8d2a94f46"}]}],"workflow_step":{"id":"c199950d-99f0-4983-b711-6c4c91624b22"},"item":{"id":"9e969614-2c41-4ec2-9438-830c7924e8de"},"language":{"id":"00000000-0000-0000-0000-000000000000"},"last_modified":"2020-05-27T13:40:46.4545155Z"},{"elements":[{"components":[],"element":{"id":"d776b0c6-332b-4e2c-95ff-2d1af3cd208d"},"value":"<p>Double doors leading to a gigantic deck</p>"},{"element":{"id":"edd89ca3-5e7b-4227-9f27-f9e7afd60a09"},"value":-3100},{"element":{"id":"8fa04b4f-030c-4313-a839-183dd9a09417"},"value":-660},{"element":{"id":"c3743f2d-3065-44a2-960a-1f5d598694e8"},"value":3840}],"workflow_step":{"id":"c199950d-99f0-4983-b711-6c4c91624b22"},"item":{"id":"0875b2cb-68f6-472a-9ba4-8f6688e35431"},"language":{"id":"00000000-0000-0000-0000-000000000000"},"last_modified":"2020-05-26T18:11:32.1936619Z"},{"elements":[{"components":[],"element":{"id":"d776b0c6-332b-4e2c-95ff-2d1af3cd208d"},"value":"<p>A very expensive and shiny chandelier</p>"},{"element":{"id":"edd89ca3-5e7b-4227-9f27-f9e7afd60a09"},"value":3500},{"element":{"id":"8fa04b4f-030c-4313-a839-183dd9a09417"},"value":1330},{"element":{"id":"c3743f2d-3065-44a2-960a-1f5d598694e8"},"value":3270}],"workflow_step":{"id":"c199950d-99f0-4983-b711-6c4c91624b22"},"item":{"id":"22b98e03-3f3e-4b62-9799-280b9bca7a5d"},"language":{"id":"00000000-0000-0000-0000-000000000000"},"last_modified":"2020-05-26T18:25:22.4323151Z"},{"elements":[{"components":[],"element":{"id":"d776b0c6-332b-4e2c-95ff-2d1af3cd208d"},"value":"<p>Leads into a large common area with a fireplace</p>"},{"element":{"id":"edd89ca3-5e7b-4227-9f27-f9e7afd60a09"},"value":4170},{"element":{"id":"8fa04b4f-030c-4313-a839-183dd9a09417"},"value":-785},{"element":{"id":"c3743f2d-3065-44a2-960a-1f5d598694e8"},"value":-2600}],"workflow_step":{"id":"c199950d-99f0-4983-b711-6c4c91624b22"},"item":{"id":"8b08c45c-957f-49c0-a66a-d15a8f91da72"},"language":{"id":"00000000-0000-0000-0000-000000000000"},"last_modified":"2020-05-26T18:26:37.8141892Z"},{"elements":[{"components":[],"element":{"id":"d776b0c6-332b-4e2c-95ff-2d1af3cd208d"},"value":"<p>The previous owners loved rugs</p>"},{"element":{"id":"edd89ca3-5e7b-4227-9f27-f9e7afd60a09"},"value":-3100},{"element":{"id":"8fa04b4f-030c-4313-a839-183dd9a09417"},"value":-2180},{"element":{"id":"c3743f2d-3065-44a2-960a-1f5d598694e8"},"value":3250}],"workflow_step":{"id":"c199950d-99f0-4983-b711-6c4c91624b22"},"item":{"id":"31b5fe51-556c-412a-a4b6-b053cd66e02f"},"language":{"id":"00000000-0000-0000-0000-000000000000"},"last_modified":"2020-05-26T19:13:23.3285108Z"},{"elements":[{"components":[],"element":{"id":"d776b0c6-332b-4e2c-95ff-2d1af3cd208d"},"value":"<p>Just look at the size of this fireplace</p>"},{"element":{"id":"edd89ca3-5e7b-4227-9f27-f9e7afd60a09"},"value":5000},{"element":{"id":"8fa04b4f-030c-4313-a839-183dd9a09417"},"value":-30},{"element":{"id":"c3743f2d-3065-44a2-960a-1f5d598694e8"},"value":0}],"workflow_step":{"id":"c199950d-99f0-4983-b711-6c4c91624b22"},"item":{"id":"2d75eb58-7c08-4a41-b131-eb840e4163b5"},"language":{"id":"00000000-0000-0000-0000-000000000000"},"last_modified":"2020-05-26T19:14:16.5049107Z"},{"elements":[{"components":[],"element":{"id":"d776b0c6-332b-4e2c-95ff-2d1af3cd208d"},"value":"<p>Long private driveway with plenty of parking space</p>"},{"element":{"id":"edd89ca3-5e7b-4227-9f27-f9e7afd60a09"},"value":-3650},{"element":{"id":"8fa04b4f-030c-4313-a839-183dd9a09417"},"value":-790},{"element":{"id":"c3743f2d-3065-44a2-960a-1f5d598694e8"},"value":3310}],"workflow_step":{"id":"c199950d-99f0-4983-b711-6c4c91624b22"},"item":{"id":"94d13b04-3575-41e6-8f55-0724d70d7a0d"},"language":{"id":"00000000-0000-0000-0000-000000000000"},"last_modified":"2020-05-27T13:30:21.4686084Z"},{"elements":[{"components":[],"element":{"id":"d776b0c6-332b-4e2c-95ff-2d1af3cd208d"},"value":"<p>Old mahogany door with pretty leaves</p>"},{"element":{"id":"edd89ca3-5e7b-4227-9f27-f9e7afd60a09"},"value":4380},{"element":{"id":"8fa04b4f-030c-4313-a839-183dd9a09417"},"value":-90},{"element":{"id":"c3743f2d-3065-44a2-960a-1f5d598694e8"},"value":-2370}],"workflow_step":{"id":"c199950d-99f0-4983-b711-6c4c91624b22"},"item":{"id":"1fe8e90a-38bb-4aac-8810-8b9de0c7efa6"},"language":{"id":"00000000-0000-0000-0000-000000000000"},"last_modified":"2020-05-27T13:31:50.7005998Z"},{"elements":[{"components":[],"element":{"id":"d776b0c6-332b-4e2c-95ff-2d1af3cd208d"},"value":"<p>Huge deck with a pool!</p>"},{"element":{"id":"edd89ca3-5e7b-4227-9f27-f9e7afd60a09"},"value":3510},{"element":{"id":"8fa04b4f-030c-4313-a839-183dd9a09417"},"value":-1130},{"element":{"id":"c3743f2d-3065-44a2-960a-1f5d598694e8"},"value":3360}],"workflow_step":{"id":"c199950d-99f0-4983-b711-6c4c91624b22"},"item":{"id":"820daa33-3dc1-44c1-b7a0-0770a0dd332d"},"language":{"id":"00000000-0000-0000-0000-000000000000"},"last_modified":"2020-05-27T13:42:29.7587023Z"},{"elements":[{"components":[],"element":{"id":"d776b0c6-332b-4e2c-95ff-2d1af3cd208d"},"value":"<p>You can do all your cooking on this neat little island</p>"},{"element":{"id":"edd89ca3-5e7b-4227-9f27-f9e7afd60a09"},"value":-1200},{"element":{"id":"8fa04b4f-030c-4313-a839-183dd9a09417"},"value":-1930},{"element":{"id":"c3743f2d-3065-44a2-960a-1f5d598694e8"},"value":-4440}],"workflow_step":{"id":"c199950d-99f0-4983-b711-6c4c91624b22"},"item":{"id":"57f2165f-aeeb-474d-9eed-aca07d9cfa2c"},"language":{"id":"00000000-0000-0000-0000-000000000000"},"last_modified":"2020-05-27T13:43:56.7661256Z"}]